{"z0": 50.0, "z1": -58.220149993896484, "uv": [[0.029556669294834137, 0.30067718029022217], [0.029556669294834137, 0.7208119034767151], [0.0146484375, 0.38799944519996643], [0.0146484375, 0.6265239715576172], [0.053434453904628754, 0.39340630173683167], [0.053434453904628754, 0.620468258857727], [0.4480016827583313, 0.39765381813049316], [0.4480016827583313, 0.6156957149505615], [0.595673143863678, 0.410302996635437], [0.595673143863678, 0.6014074683189392], [0.8079925775527954, 0.3591424524784088], [0.8079925775527954, 0.6584460139274597], [0.8786741495132446, 0.2573120594024658], [0.8786741495132446, 0.7649292349815369], [0.921875, 0.31638747453689575], [0.921875, 0.704375147819519]]}